what,kind,bundleId,bundleVersion,description,time
started,bundle,org.eclipse.update.core,3.2.500.v20110330,"org.eclipse.update.core",1445469179695
started,bundle,org.eclipse.update.scheduler,3.2.300.v20100512,"org.eclipse.update.scheduler",1445469179697
started,bundle,org.eclipse.wst.common.project.facet.core,1.4.201.v201201101553,"org.eclipse.wst.common.project.facet.core",1445469179698
started,bundle,org.eclipse.wst.web,1.1.501.v201201190400,"org.eclipse.wst.web",1445469179699
started,bundle,com.android.ide.eclipse.adt,21.0.1.v201212060256-543035,"com.android.ide.eclipse.adt",1445469179703
started,bundle,com.android.ide.eclipse.base,21.0.1.v201212060256-543035,"com.android.ide.eclipse.base",1445469179713
os,sysinfo,,,"win32",1445469179719
arch,sysinfo,,,"x86",1445469179719
ws,sysinfo,,,"win32",1445469179719
locale,sysinfo,,,"es_AR",1445469179719
processors,sysinfo,,,"2",1445469179719
java.runtime.name,sysinfo,,,"Java(TM) SE Runtime Environment",1445469179719
java.runtime.version,sysinfo,,,"1.6.0_13-b03",1445469179719
java.specification.name,sysinfo,,,"Java Platform API Specification",1445469179719
java.specification.vendor,sysinfo,,,"Sun Microsystems Inc.",1445469179719
java.specification.version,sysinfo,,,"1.6",1445469179719
java.vendor,sysinfo,,,"Sun Microsystems Inc.",1445469179719
java.version,sysinfo,,,"1.6.0_13",1445469179719
java.vm.info,sysinfo,,,"mixed mode",1445469179719
java.vm.name,sysinfo,,,"Java HotSpot(TM) Client VM",1445469179719
java.vm.specification.name,sysinfo,,,"Java Virtual Machine Specification",1445469179719
java.vm.specification.vendor,sysinfo,,,"Sun Microsystems Inc.",1445469179719
java.vm.specification.version,sysinfo,,,"1.0",1445469179719
java.vm.vendor,sysinfo,,,"Sun Microsystems Inc.",1445469179719
java.vm.version,sysinfo,,,"11.3-b02",1445469179719
started,bundle,org.eclipse.ltk.core.refactoring,3.5.201.r372_v20111101-0700,"org.eclipse.ltk.core.refactoring",1445469179768
started,bundle,org.eclipse.ltk.ui.refactoring,3.6.0.v20110928-1453,"org.eclipse.ltk.ui.refactoring",1445469179770
activated,view,org.eclipse.jdt.ui,3.7.2.v20120109-1427,"org.eclipse.jdt.ui.PackageExplorer",1445469249561
started,bundle,org.eclipse.wst.ws.service.policy.ui,1.0.300.v201108240515,"org.eclipse.wst.ws.service.policy.ui",1445469250315
started,bundle,org.eclipse.wst.ws.service.policy,1.0.303.v201009221810,"org.eclipse.wst.ws.service.policy",1445469250355
started,bundle,org.eclipse.wst.command.env,1.0.409.v201004211805,"org.eclipse.wst.command.env",1445469250388
started,bundle,org.eclipse.wst.ws,1.1.203.v201004211805,"org.eclipse.wst.ws",1445469250388
started,bundle,org.eclipse.wst.common.frameworks.ui,1.2.100.v201105122000,"org.eclipse.wst.common.frameworks.ui",1445469250500
started,bundle,org.eclipse.wst.common.core,1.2.0.v200908252030,"org.eclipse.wst.common.core",1445469250500
started,bundle,org.eclipse.compare.core,3.5.200.I20110208-0800,"org.eclipse.compare.core",1445469251038
started,bundle,org.eclipse.compare,3.5.202.R37x_v20111109-0800,"org.eclipse.compare",1445469251060
executed,command,org.eclipse.ui,3.7.0.v20110928-1505,"org.eclipse.ui.file.refresh",1445469252419
started,bundle,org.eclipse.jdt.apt.core,3.3.500.v20110420-1015,"org.eclipse.jdt.apt.core",1445469253013
started,bundle,org.eclipse.jdt.apt.pluggable.core,1.0.400.v20110305-1450,"org.eclipse.jdt.apt.pluggable.core",1445469253013
started,bundle,org.eclipse.emf.common,2.7.0.v20120127-1122,"org.eclipse.emf.common",1445469253377
started,bundle,org.eclipse.wst.common.frameworks,1.2.102.v201201190400,"org.eclipse.wst.common.frameworks",1445469253377
started,bundle,org.eclipse.emf.ecore,2.7.0.v20120127-1122,"org.eclipse.emf.ecore",1445469253487
started,bundle,org.eclipse.wst.common.emf,1.2.100.v201101101900,"org.eclipse.wst.common.emf",1445469253518
started,bundle,org.eclipse.jem.util,2.1.100.v201103021400,"org.eclipse.jem.util",1445469253533
started,bundle,org.eclipse.emf.ecore.xmi,2.7.0.v20120127-1122,"org.eclipse.emf.ecore.xmi",1445469253549
started,bundle,org.eclipse.wst.common.emfworkbench.integration,1.2.101.v201107140600,"org.eclipse.wst.common.emfworkbench.integration",1445469253549
started,bundle,org.eclipse.wst.common.modulecore,1.2.103.v201201190400,"org.eclipse.wst.common.modulecore",1445469253581
started,bundle,org.eclipse.jst.j2ee.core,1.2.102.v201202090300,"org.eclipse.jst.j2ee.core",1445469253602
started,bundle,org.eclipse.jem,2.0.501.v201111030500,"org.eclipse.jem",1445469253633
started,bundle,org.eclipse.wst.xml.core,1.1.602.v201201091944,"org.eclipse.wst.xml.core",1445469253665
started,bundle,org.eclipse.wst.validation,1.2.303.v201202090300,"org.eclipse.wst.validation",1445469253681
started,bundle,org.eclipse.jst.j2ee,1.1.503.v201202090300,"org.eclipse.jst.j2ee",1445469253728
started,bundle,org.eclipse.jst.common.frameworks,1.1.501.v201201190400,"org.eclipse.jst.common.frameworks",1445469253743
started,bundle,org.eclipse.jem.workbench,2.0.400.v201104251400,"org.eclipse.jem.workbench",1445469253791
started,bundle,org.eclipse.jpt.common.core,1.0.2.v201111103010,"org.eclipse.jpt.common.core",1445469254380
started,bundle,org.eclipse.jpt.jpa.core,3.0.2.v201201243020,"org.eclipse.jpt.jpa.core",1445469254380
started,bundle,org.eclipse.wst.dtd.core,1.1.501.v201107252021,"org.eclipse.wst.dtd.core",1445469254847
started,bundle,org.eclipse.wst.sse.ui,1.3.2.v201201041522,"org.eclipse.wst.sse.ui",1445469254878
started,bundle,org.eclipse.wst.html.ui,1.0.602.v201202091936,"org.eclipse.wst.html.ui",1445469254894
started,bundle,org.eclipse.wst.sse.core,1.1.602.v201112071516,"org.eclipse.wst.sse.core",1445469254909
started,bundle,org.eclipse.jst.jsf.common,1.2.3.v201104061039,"org.eclipse.jst.jsf.common",1445469254956
started,bundle,org.eclipse.jst.j2ee.web,1.1.502.v201202090300,"org.eclipse.jst.j2ee.web",1445469254956
started,bundle,org.eclipse.jst.jsf.core,1.3.105.v201108261005,"org.eclipse.jst.jsf.core",1445469254957
started,bundle,org.eclipse.jst.jsp.core,1.2.402.v201112071853,"org.eclipse.jst.jsp.core",1445469255005
started,bundle,org.eclipse.wst.wsdl.validation,1.1.502.v201104071820,"org.eclipse.wst.wsdl.validation",1445469255115
started,bundle,org.eclipse.wst.xsd.core,1.1.600.v201104070312,"org.eclipse.wst.xsd.core",1445469255115
started,bundle,org.eclipse.wst.xsl.core,1.1.100.v201102270516,"org.eclipse.wst.xsl.core",1445469255130
started,bundle,org.eclipse.jst.jee,1.0.402.v201202021530,"org.eclipse.jst.jee",1445469255614
started,bundle,org.eclipse.wst.html.core,1.1.502.v201202091936,"org.eclipse.wst.html.core",1445469256295
started,bundle,org.eclipse.wst.common.uriresolver,1.1.401.v201004280700,"org.eclipse.wst.common.uriresolver",1445469257024
started,bundle,org.eclipse.wst.xsl.exslt.core,1.0.0.v201005240426,"org.eclipse.wst.xsl.exslt.core",1445469257295
started,bundle,org.eclipse.wst.css.core,1.1.501.v201111292150,"org.eclipse.wst.css.core",1445469257545
deactivated,workbench,org.eclipse.ui.workbench,3.7.1.v20120104-1859,"",1445469261098
started,bundle,org.eclipse.wst.internet.cache,1.0.400.v201004280700,"org.eclipse.wst.internet.cache",1445469262114
activated,workbench,org.eclipse.ui.workbench,3.7.1.v20120104-1859,"",1445469263810
executed,command,org.eclipse.ui.ide,3.7.0.v20110928-1505,"org.eclipse.ui.project.cleanAction",1445469263826
started,bundle,org.eclipse.jst.jsf.facelet.ui,1.0.1.v201104032306,"org.eclipse.jst.jsf.facelet.ui",1445469267552
started,bundle,org.eclipse.jst.jsf.facelet.core,1.0.100.v201104191527,"org.eclipse.jst.jsf.facelet.core",1445469267568
activated,view,org.eclipse.ui.ide,3.7.0.v20110928-1505,"org.eclipse.ui.views.ProblemView",1445469269655
started,bundle,org.eclipse.wst.xml.ui,1.1.202.v201112071516,"org.eclipse.wst.xml.ui",1445469275535
started,bundle,org.eclipse.jst.jsp.ui,1.1.602.v201112071516,"org.eclipse.jst.jsp.ui",1445469275535
started,bundle,org.eclipse.debug.ui,3.7.102.v20111129-1423_r372,"org.eclipse.debug.ui",1445469275791
started,bundle,org.eclipse.wst.jsdt.web.support.jsp,1.0.400.v201102241833,"org.eclipse.wst.jsdt.web.support.jsp",1445469275932
started,bundle,org.eclipse.wst.jsdt.web.ui,1.0.401.v201108152113,"org.eclipse.wst.jsdt.web.ui",1445469275962
started,bundle,org.eclipse.wst.css.ui,1.0.601.v201201101544,"org.eclipse.wst.css.ui",1445469276960
started,bundle,org.eclipse.wst.jsdt.core,1.1.102.v201111090634,"org.eclipse.wst.jsdt.core",1445469277761
started,bundle,org.eclipse.wst.jsdt.manipulation,1.0.300.v201104272153,"org.eclipse.wst.jsdt.manipulation",1445469277902
started,bundle,org.eclipse.wst.jsdt.ui,1.1.102.v201201131900,"org.eclipse.wst.jsdt.ui",1445469277918
started,bundle,org.eclipse.wst.dtd.ui,1.0.600.v201103171359,"org.eclipse.wst.dtd.ui",1445469278012
started,bundle,org.eclipse.wst.jsdt.web.core,1.0.401.v201108152113,"org.eclipse.wst.jsdt.web.core",1445469278072
opened,editor,org.eclipse.jst.jsp.ui,1.1.602.v201112071516,"org.eclipse.jst.jsp.core.jspsource.source",1445469278369
activated,editor,org.eclipse.jst.jsp.ui,1.1.602.v201112071516,"org.eclipse.jst.jsp.core.jspsource.source",1445469278639
started,bundle,org.eclipse.core.variables,3.2.500.v20110928-1503,"org.eclipse.core.variables",1445469280254
activated,view,org.eclipse.ui.ide,3.7.0.v20110928-1505,"org.eclipse.ui.views.ProblemView",1445469296052
deactivated,workbench,org.eclipse.ui.workbench,3.7.1.v20120104-1859,"",1445469299241
activated,workbench,org.eclipse.ui.workbench,3.7.1.v20120104-1859,"",1445469345331
activated,editor,org.eclipse.jst.jsp.ui,1.1.602.v201112071516,"org.eclipse.jst.jsp.core.jspsource.source",1445469345393
activated,view,org.eclipse.ui.ide,3.7.0.v20110928-1505,"org.eclipse.ui.views.ProblemView",1445469351924
deactivated,workbench,org.eclipse.ui.workbench,3.7.1.v20120104-1859,"",1445469357589
activated,workbench,org.eclipse.ui.workbench,3.7.1.v20120104-1859,"",1445469387952
deactivated,workbench,org.eclipse.ui.workbench,3.7.1.v20120104-1859,"",1445469388888
activated,workbench,org.eclipse.ui.workbench,3.7.1.v20120104-1859,"",1445469407751
activated,view,org.eclipse.jdt.ui,3.7.2.v20120109-1427,"org.eclipse.jdt.ui.PackageExplorer",1445469409922
executed,command,org.eclipse.ui,3.7.0.v20110928-1505,"org.eclipse.ui.file.refresh",1445469412562
deactivated,workbench,org.eclipse.ui.workbench,3.7.1.v20120104-1859,"",1445469418584
activated,workbench,org.eclipse.ui.workbench,3.7.1.v20120104-1859,"",1445469420768
executed,command,org.eclipse.ui.ide,3.7.0.v20110928-1505,"org.eclipse.ui.project.cleanAction",1445469420768
activated,view,org.eclipse.ui.ide,3.7.0.v20110928-1505,"org.eclipse.ui.views.ProblemView",1445469433119
deactivated,workbench,org.eclipse.ui.workbench,3.7.1.v20120104-1859,"",1445469436817
activated,workbench,org.eclipse.ui.workbench,3.7.1.v20120104-1859,"",1445469541285
deactivated,workbench,org.eclipse.ui.workbench,3.7.1.v20120104-1859,"",1445469551553
activated,workbench,org.eclipse.ui.workbench,3.7.1.v20120104-1859,"",1445469625744
activated,view,org.eclipse.jdt.ui,3.7.2.v20120109-1427,"org.eclipse.jdt.ui.PackageExplorer",1445469628338
executed,command,org.eclipse.ui,3.7.0.v20110928-1505,"org.eclipse.ui.file.refresh",1445469631177
deactivated,workbench,org.eclipse.ui.workbench,3.7.1.v20120104-1859,"",1445469641181
activated,workbench,org.eclipse.ui.workbench,3.7.1.v20120104-1859,"",1445469643774
executed,command,org.eclipse.ui.ide,3.7.0.v20110928-1505,"org.eclipse.ui.project.cleanAction",1445469643790
activated,view,org.eclipse.ui.ide,3.7.0.v20110928-1505,"org.eclipse.ui.views.ProblemView",1445469651772
executed,command,org.eclipse.ui,3.7.0.v20110928-1505,"org.eclipse.ui.edit.copy",1445469661210
deactivated,workbench,org.eclipse.ui.workbench,3.7.1.v20120104-1859,"",1445469663706
activated,workbench,org.eclipse.ui.workbench,3.7.1.v20120104-1859,"",1445469771902
activated,view,org.eclipse.jdt.ui,3.7.2.v20120109-1427,"org.eclipse.jdt.ui.PackageExplorer",1445469774437
started,bundle,org.eclipse.xsd,2.7.1.v20120130-0943,"org.eclipse.xsd",1445469776606
started,bundle,org.eclipse.wst.xsl.ui,1.1.200.v201103082057,"org.eclipse.wst.xsl.ui",1445469776778
opened,editor,com.android.ide.eclipse.adt,21.0.1.v201212060256-543035,"com.android.ide.eclipse.editors.CommonXmlEditor",1445469776918
activated,editor,com.android.ide.eclipse.adt,21.0.1.v201212060256-543035,"com.android.ide.eclipse.editors.CommonXmlEditor",1445469777090
deactivated,workbench,org.eclipse.ui.workbench,3.7.1.v20120104-1859,"",1445469797849
activated,workbench,org.eclipse.ui.workbench,3.7.1.v20120104-1859,"",1445469812209
deactivated,workbench,org.eclipse.ui.workbench,3.7.1.v20120104-1859,"",1445469818916
activated,workbench,org.eclipse.ui.workbench,3.7.1.v20120104-1859,"",1445470041811
activated,view,org.eclipse.jdt.ui,3.7.2.v20120109-1427,"org.eclipse.jdt.ui.PackageExplorer",1445470045140
executed,command,org.eclipse.ui,3.7.0.v20110928-1505,"org.eclipse.ui.file.refresh",1445470047706
deactivated,workbench,org.eclipse.ui.workbench,3.7.1.v20120104-1859,"",1445470048004
activated,workbench,org.eclipse.ui.workbench,3.7.1.v20120104-1859,"",1445470048045
deactivated,workbench,org.eclipse.ui.workbench,3.7.1.v20120104-1859,"",1445470053699
activated,workbench,org.eclipse.ui.workbench,3.7.1.v20120104-1859,"",1445470056413
executed,command,org.eclipse.ui.ide,3.7.0.v20110928-1505,"org.eclipse.ui.project.cleanAction",1445470056429
activated,view,org.eclipse.ui.ide,3.7.0.v20110928-1505,"org.eclipse.ui.views.ProblemView",1445470080374
deactivated,workbench,org.eclipse.ui.workbench,3.7.1.v20120104-1859,"",1445470090044
activated,workbench,org.eclipse.ui.workbench,3.7.1.v20120104-1859,"",1445470093266
executed,command,org.eclipse.ui,3.7.0.v20110928-1505,"org.eclipse.ui.file.properties",1445470093298
started,bundle,org.eclipse.wst.server.core,1.1.304.v20120208_1420,"org.eclipse.wst.server.core",1445470094579
started,bundle,org.eclipse.wst.server.ui,1.3.0.v20120210_1439,"org.eclipse.wst.server.ui",1445470094626
activated,view,org.eclipse.jdt.ui,3.7.2.v20120109-1427,"org.eclipse.jdt.ui.PackageExplorer",1445470097061
started,bundle,org.eclipse.jst.server.core,1.2.202.v20110419,"org.eclipse.jst.server.core",1445470101127
deactivated,workbench,org.eclipse.ui.workbench,3.7.1.v20120104-1859,"",1445470102086
started,bundle,org.eclipse.wst.common.modulecore.ui,1.0.102.v201201262000,"org.eclipse.wst.common.modulecore.ui",1445470111432
started,bundle,org.eclipse.jst.j2ee.ui,1.1.503.v201201190400,"org.eclipse.jst.j2ee.ui",1445470111478
started,bundle,org.eclipse.jst.servlet.ui,1.1.502.v201202011054,"org.eclipse.jst.servlet.ui",1445470111510
started,bundle,org.eclipse.jst.common.ui,1.0.101.v201201262000,"org.eclipse.jst.common.ui",1445470111615
activated,workbench,org.eclipse.ui.workbench,3.7.1.v20120104-1859,"",1445470405233
executed,command,org.eclipse.ui,3.7.0.v20110928-1505,"org.eclipse.ui.file.refresh",1445470411788
started,bundle,org.eclipse.jdt.junit.core,3.7.0.v20110928-1453,"org.eclipse.jdt.junit.core",1445470415595
started,bundle,org.eclipse.jdt.debug,3.7.1.v20111006_r372,"org.eclipse.jdt.debug",1445470415673
started,bundle,org.eclipse.jdt.debug.ui,3.6.1.v20111006_r372,"org.eclipse.jdt.debug.ui",1445470415751
started,bundle,org.eclipse.jdt.junit,3.7.0.v20110928-1453,"org.eclipse.jdt.junit",1445470415782
deactivated,workbench,org.eclipse.ui.workbench,3.7.1.v20120104-1859,"",1445470418465
activated,workbench,org.eclipse.ui.workbench,3.7.1.v20120104-1859,"",1445470420821
executed,command,org.eclipse.ui.ide,3.7.0.v20110928-1505,"org.eclipse.ui.project.cleanAction",1445470420836
activated,editor,com.android.ide.eclipse.adt,21.0.1.v201212060256-543035,"com.android.ide.eclipse.editors.CommonXmlEditor",1445470438234
activated,view,org.eclipse.jdt.ui,3.7.2.v20120109-1427,"org.eclipse.jdt.ui.PackageExplorer",1445470479820
deactivated,workbench,org.eclipse.ui.workbench,3.7.1.v20120104-1859,"",1445470484185
activated,workbench,org.eclipse.ui.workbench,3.7.1.v20120104-1859,"",1445470587715
deactivated,workbench,org.eclipse.ui.workbench,3.7.1.v20120104-1859,"",1445470591771
activated,workbench,org.eclipse.ui.workbench,3.7.1.v20120104-1859,"",1445470591958
closed,workbench,org.eclipse.ui.workbench,3.7.1.v20120104-1859,"",1445470604348
executed,command,org.eclipse.ui,3.7.0.v20110928-1505,"org.eclipse.ui.file.restartWorkbench",1445470604738
stopped,bundle,org.eclipse.jst.ws.axis.creation.ui,1.0.700.v201104070312,"org.eclipse.jst.ws.axis.creation.ui",1445470604910
stopped,bundle,org.eclipse.jst.ws.axis.consumption.ui,1.0.505.v201004211805,"org.eclipse.jst.ws.axis.consumption.ui",1445470604910
stopped,bundle,org.eclipse.jst.ws.axis.consumption.core,1.0.407.v201104071820,"org.eclipse.jst.ws.axis.consumption.core",1445470604910
stopped,bundle,org.eclipse.jst.ws.axis2.creation.ui,1.0.104.v201004211805,"org.eclipse.jst.ws.axis2.creation.ui",1445470604910
stopped,bundle,org.eclipse.jst.ws.axis2.consumption.ui,1.0.103.v201004211805,"org.eclipse.jst.ws.axis2.consumption.ui",1445470604925
stopped,bundle,org.eclipse.jst.ws.axis2.creation.core,1.0.106.v201004211805,"org.eclipse.jst.ws.axis2.creation.core",1445470604925
stopped,bundle,org.eclipse.jst.ws.axis2.consumption.core,1.0.105.v201004211805,"org.eclipse.jst.ws.axis2.consumption.core",1445470604925
stopped,bundle,org.eclipse.jst.ws.axis2.ui,1.0.303.v201003110431,"org.eclipse.jst.ws.axis2.ui",1445470604925
stopped,bundle,org.eclipse.jst.ws.axis2.core,1.0.204.v201004211805,"org.eclipse.jst.ws.axis2.core",1445470604925
stopped,bundle,org.eclipse.jst.ws.cxf.creation.ui,1.0.100.v201104022153,"org.eclipse.jst.ws.cxf.creation.ui",1445470604925
stopped,bundle,org.eclipse.jst.ws.creation.ui,1.0.609.v201103082016,"org.eclipse.jst.ws.creation.ui",1445470604925
stopped,bundle,org.eclipse.jst.ws.cxf.consumption.ui,1.0.0.v201003222311,"org.eclipse.jst.ws.cxf.consumption.ui",1445470604941
stopped,bundle,org.eclipse.jst.ws.consumption.ui,1.1.402.v201201250306,"org.eclipse.jst.ws.consumption.ui",1445470604941
stopped,bundle,org.eclipse.jst.ws.consumption,1.0.603.v201202012024,"org.eclipse.jst.ws.consumption",1445470604941
stopped,bundle,org.eclipse.jst.ws.cxf.consumption.core,1.0.0.v201003222311,"org.eclipse.jst.ws.cxf.consumption.core",1445470604941
stopped,bundle,org.eclipse.jst.ws.cxf.creation.core,1.0.100.v201104022153,"org.eclipse.jst.ws.cxf.creation.core",1445470604941
stopped,bundle,org.eclipse.jst.ws.cxf.ui,1.0.0.v201004171919,"org.eclipse.jst.ws.cxf.ui",1445470604941
stopped,bundle,org.eclipse.jst.ws.cxf.core,1.0.100.v201104022153,"org.eclipse.jst.ws.cxf.core",1445470604941
stopped,bundle,org.eclipse.jst.ws.uddiregistry,1.0.500.v201004211805,"org.eclipse.jst.ws.uddiregistry",1445470604941
stopped,bundle,org.eclipse.jst.ws.ui,1.0.403.v201004211805,"org.eclipse.jst.ws.ui",1445470604941
stopped,bundle,org.eclipse.jst.ws,1.0.509.v201108250610,"org.eclipse.jst.ws",1445470604957
stopped,bundle,org.eclipse.wst.ws.explorer,1.0.607.v201103082002,"org.eclipse.wst.ws.explorer",1445470604957
stopped,bundle,org.eclipse.wst.wsdl.ui,1.2.403.v201108240515,"org.eclipse.wst.wsdl.ui",1445470604957
stopped,bundle,org.eclipse.wst.ws.ui,1.1.200.v201004211805,"org.eclipse.wst.ws.ui",1445470604957
stopped,bundle,org.eclipse.wst.wsi.ui,1.0.502.v201104071820,"org.eclipse.wst.wsi.ui",1445470604957
stopped,bundle,org.eclipse.wst.wsi,1.0.401.v201104071820,"org.eclipse.wst.wsi",1445470604957
stopped,bundle,org.eclipse.wst.ws,1.1.203.v201004211805,"org.eclipse.wst.ws",1445470604957
stopped,bundle,org.eclipse.jst.j2ee.webservice.ui,1.1.500.v201105122000,"org.eclipse.jst.j2ee.webservice.ui",1445470604957
stopped,bundle,org.eclipse.jst.j2ee.webservice,1.1.400.v201004110600,"org.eclipse.jst.j2ee.webservice",1445470604957
stopped,bundle,org.eclipse.wst.ws.parser,1.0.403.v201004211805,"org.eclipse.wst.ws.parser",1445470604957
stopped,bundle,org.eclipse.jpt.dbws.eclipselink.ui,1.0.0.v201104110000,"org.eclipse.jpt.dbws.eclipselink.ui",1445470604957
stopped,bundle,org.eclipse.jst.ws.jaxws.ui,1.0.100.v201104032053,"org.eclipse.jst.ws.jaxws.ui",1445470604957
stopped,bundle,org.eclipse.jst.ws.jaxws.core,1.0.100.v201104031139,"org.eclipse.jst.ws.jaxws.core",1445470604972
stopped,bundle,org.eclipse.mylyn.bugzilla.ui,3.6.0.v20110608-1400,"org.eclipse.mylyn.bugzilla.ui",1445470604972
stopped,bundle,org.eclipse.mylyn.bugzilla.core,3.6.5.v20120123-0100,"org.eclipse.mylyn.bugzilla.core",1445470604972
stopped,bundle,org.eclipse.mylyn.commons.xmlrpc,3.6.0.v20110608-1400,"org.eclipse.mylyn.commons.xmlrpc",1445470604972
stopped,bundle,org.eclipse.datatools.enablement.oda.ws.ui,1.2.3.v201112061438,"org.eclipse.datatools.enablement.oda.ws.ui",1445470604972
stopped,bundle,org.eclipse.datatools.enablement.oda.ws,1.2.3.v201112061438,"org.eclipse.datatools.enablement.oda.ws",1445470604972
stopped,bundle,org.eclipse.wst.wsdl,1.2.202.v201108230355,"org.eclipse.wst.wsdl",1445470604972
stopped,bundle,org.eclipse.wst.wsdl.validation,1.1.502.v201104071820,"org.eclipse.wst.wsdl.validation",1445470604972
stopped,bundle,org.eclipse.wst.xsl.exslt.ui,1.0.0.v201006012005,"org.eclipse.wst.xsl.exslt.ui",1445470604972
stopped,bundle,org.eclipse.wst.xsl.jaxp.debug.ui,1.0.200.v201103081922,"org.eclipse.wst.xsl.jaxp.debug.ui",1445470604972
stopped,bundle,org.eclipse.wst.xsl.ui,1.1.200.v201103082057,"org.eclipse.wst.xsl.ui",1445470604972
stopped,bundle,org.eclipse.wst.xml.xpath.ui,1.1.100.v201105030025,"org.eclipse.wst.xml.xpath.ui",1445470604972
stopped,bundle,org.eclipse.wst.xsl.debug.ui,1.0.200.v201101281837,"org.eclipse.wst.xsl.debug.ui",1445470604988
stopped,bundle,org.eclipse.wst.xsl.jaxp.launching,1.0.200.v201103081922,"org.eclipse.wst.xsl.jaxp.launching",1445470604988
stopped,bundle,org.eclipse.wst.xsl.launching,1.0.200.v201103081922,"org.eclipse.wst.xsl.launching",1445470604988
stopped,bundle,org.eclipse.wst.xsl.core,1.1.100.v201102270516,"org.eclipse.wst.xsl.core",1445470604988
stopped,bundle,org.eclipse.wst.xml.xpath.core,1.2.1.v201109010357,"org.eclipse.wst.xml.xpath.core",1445470604988
stopped,bundle,org.eclipse.datatools.enablement.oda.xml.ui,1.2.3.v201112071047,"org.eclipse.datatools.enablement.oda.xml.ui",1445470604988
stopped,bundle,org.eclipse.datatools.enablement.oda.xml,1.2.3.v201112061438,"org.eclipse.datatools.enablement.oda.xml",1445470604988
stopped,bundle,org.eclipse.jst.jsf.apache.trinidad.tagsupport,1.1.200.v201104061711,"org.eclipse.jst.jsf.apache.trinidad.tagsupport",1445470604988
stopped,bundle,org.eclipse.jst.jsf.facelet.ui,1.0.1.v201104032306,"org.eclipse.jst.jsf.facelet.ui",1445470604988
stopped,bundle,org.eclipse.jst.jsf.facelet.core,1.0.100.v201104191527,"org.eclipse.jst.jsf.facelet.core",1445470604988
stopped,bundle,org.eclipse.jst.jsf.facesconfig.ui,1.2.2.v201103292152,"org.eclipse.jst.jsf.facesconfig.ui",1445470604988
stopped,bundle,org.eclipse.jst.jsf.ui,1.3.2.v201104251204,"org.eclipse.jst.jsf.ui",1445470604988
stopped,bundle,org.eclipse.jst.pagedesigner.jsf.ui,1.2.100.v201104061711,"org.eclipse.jst.pagedesigner.jsf.ui",1445470604988
stopped,bundle,org.eclipse.jst.pagedesigner,1.3.104.v201201181342,"org.eclipse.jst.pagedesigner",1445470605003
stopped,bundle,org.eclipse.jst.jsf.core,1.3.105.v201108261005,"org.eclipse.jst.jsf.core",1445470605003
stopped,bundle,org.eclipse.jst.jsf.common.ui,1.2.100.v201104061711,"org.eclipse.jst.jsf.common.ui",1445470605003
stopped,bundle,org.eclipse.jst.jsf.standard.tagsupport,1.2.100.v201104061711,"org.eclipse.jst.jsf.standard.tagsupport",1445470605003
stopped,bundle,org.eclipse.jst.pagedesigner.jsp.core,1.2.0.v20100308,"org.eclipse.jst.pagedesigner.jsp.core",1445470605003
stopped,bundle,org.eclipse.jst.jsf.common,1.2.3.v201104061039,"org.eclipse.jst.jsf.common",1445470605003
stopped,bundle,org.eclipse.wst.jsdt.web.support.jsp,1.0.400.v201102241833,"org.eclipse.wst.jsdt.web.support.jsp",1445470605003
stopped,bundle,org.eclipse.jst.jsp.ui,1.1.602.v201112071516,"org.eclipse.jst.jsp.ui",1445470605003
stopped,bundle,org.eclipse.jst.jsp.core,1.2.402.v201112071853,"org.eclipse.jst.jsp.core",1445470605003
stopped,bundle,org.eclipse.wst.jsdt.web.ui,1.0.401.v201108152113,"org.eclipse.wst.jsdt.web.ui",1445470605003
stopped,bundle,org.eclipse.jpt.jaxb.eclipselink.ui,1.1.0.v201105110000,"org.eclipse.jpt.jaxb.eclipselink.ui",1445470605003
stopped,bundle,org.eclipse.jpt.jaxb.ui,1.1.2.v201201260000,"org.eclipse.jpt.jaxb.ui",1445470605003
stopped,bundle,org.eclipse.jpt.jpa.eclipselink.ui,2.0.1.v201108080010,"org.eclipse.jpt.jpa.eclipselink.ui",1445470605019
stopped,bundle,org.eclipse.jpt.jpa.ui,3.0.2.v201201243020,"org.eclipse.jpt.jpa.ui",1445470605019
stopped,bundle,org.eclipse.jst.j2ee.ejb.annotations.ui,1.1.200.v201004290730,"org.eclipse.jst.j2ee.ejb.annotations.ui",1445470605019
stopped,bundle,org.eclipse.jst.ejb.ui,1.1.601.v201201261600,"org.eclipse.jst.ejb.ui",1445470605035
activated,perspective,org.eclipse.jdt.ui,,"org.eclipse.jdt.ui.JavaPerspective",1445470621507
started,bundle,org.eclipse.osgi,3.7.2.v20120110-1415,"org.eclipse.osgi",1445470621522
started,bundle,org.eclipse.equinox.simpleconfigurator,1.0.200.v20110815-1438,"org.eclipse.equinox.simpleconfigurator",1445470621522
started,bundle,com.ibm.icu,4.4.2.v20110823,"com.ibm.icu",1445470621522
started,bundle,org.eclipse.compare.core,3.5.200.I20110208-0800,"org.eclipse.compare.core",1445470621522
started,bundle,org.eclipse.core.contenttype,3.4.100.v20110423-0524,"org.eclipse.core.contenttype",1445470621522
started,bundle,org.eclipse.core.databinding.observable,1.4.0.I20110222-0800,"org.eclipse.core.databinding.observable",1445470621522
started,bundle,org.eclipse.core.expressions,3.4.300.v20110228,"org.eclipse.core.expressions",1445470621522
started,bundle,org.eclipse.core.filebuffers,3.5.200.v20110928-1504,"org.eclipse.core.filebuffers",1445470621522
started,bundle,org.eclipse.core.filesystem,1.3.100.v20110423-0524,"org.eclipse.core.filesystem",1445470621522
started,bundle,org.eclipse.core.jobs,3.5.101.v20120113-1953,"org.eclipse.core.jobs",1445470621522
started,bundle,org.eclipse.core.net,1.2.100.I20110511-0800,"org.eclipse.core.net",1445470621522
started,bundle,org.eclipse.core.resources,3.7.101.v20120125-1505,"org.eclipse.core.resources",1445470621522
started,bundle,org.eclipse.core.runtime,3.7.0.v20110110,"org.eclipse.core.runtime",1445470621522
started,bundle,org.eclipse.core.runtime.compatibility,3.2.100.v20100505,"org.eclipse.core.runtime.compatibility",1445470621522
started,bundle,org.eclipse.core.runtime.compatibility.auth,3.2.200.v20110110,"org.eclipse.core.runtime.compatibility.auth",1445470621538
started,bundle,org.eclipse.debug.core,3.7.1.v20111129-2031,"org.eclipse.debug.core",1445470621538
started,bundle,org.eclipse.debug.ui,3.7.102.v20111129-1423_r372,"org.eclipse.debug.ui",1445470621538
started,bundle,org.eclipse.emf.common,2.7.0.v20120127-1122,"org.eclipse.emf.common",1445470621538
started,bundle,org.eclipse.epp.mpc.ui,1.1.1.I20110907-0947,"org.eclipse.epp.mpc.ui",1445470621538
started,bundle,org.eclipse.epp.usagedata.gathering,1.3.1.R201106061540,"org.eclipse.epp.usagedata.gathering",1445470621538
started,bundle,org.eclipse.epp.usagedata.recording,1.3.1.R201106061540,"org.eclipse.epp.usagedata.recording",1445470621538
started,bundle,org.eclipse.equinox.app,1.3.100.v20110321,"org.eclipse.equinox.app",1445470621538
started,bundle,org.eclipse.equinox.common,3.6.0.v20110523,"org.eclipse.equinox.common",1445470621538
started,bundle,org.eclipse.equinox.ds,1.3.1.R37x_v20110701,"org.eclipse.equinox.ds",1445470621538
